use Diary

insert into users (id,login, userrole)
values
('D9FBA6B5-EEA2-4298-960D-AFC925E76327','admin',3),
('64CD0FD2-4335-4094-A763-ED0CB40222C3','student1',0),
('1810BDDC-2D6D-4FF0-8DA4-7FDBA7B5E5AC','student2',0),
('494FEC84-4034-4402-817C-A67F1C484528','parent1',1),
('72D7E193-9781-4E42-8858-C1AE94456190','parent2',1),
('B3FBA83F-C854-4486-B12F-C913307DBC72','teacher1',2)

insert into Properties (id,name,Type,ForUserRole,Required)
values
('9BC31A5F-0183-4556-A99B-09E439F74E4A','StudentBirthDate','System.DateTime',0,1),
('67C14F1E-1340-42D5-8EFB-E33C05A8FA11','StudentName','System.String',0,1),

('4F66F2F9-83D8-46E8-BA58-893D8894E900','ParentName','System.String',1,1),
('E7072623-5FEC-4677-847D-E92CE1E9437E','ParentBirthDate','System.DateTime',1,1),

('46DE59AD-DC9B-41E4-9112-8CE88B0E341C','TeacherName','System.String',2,1),
('208E5478-C4A8-472E-B58A-8F53F387BD1A','TeacherBirthDate','System.DateTime',2,1),
('3D955681-ED0B-4404-989F-76D710A5FA50','TeacherEducationPlace','System.String',1,1),
('B7141180-5F4D-49E9-A25F-DC0E6B4844D5','TeacherCareerStartDate','System.DateTime',2,1)

insert into PropertieValues (id,value,PropertyId,EntityId)
values
(newid(),'Михаил Дмитриевич Ноябрьский',		'67C14F1E-1340-42D5-8EFB-E33C05A8FA11','64CD0FD2-4335-4094-A763-ED0CB40222C3'),--StudentName 1
(newid(),'2003-11-17',							'9BC31A5F-0183-4556-A99B-09E439F74E4A','64CD0FD2-4335-4094-A763-ED0CB40222C3'),--StudentBirthDate 1

(newid(),'Марина Дмитриевна Ноябрьская',		'67C14F1E-1340-42D5-8EFB-E33C05A8FA11', '1810BDDC-2D6D-4FF0-8DA4-7FDBA7B5E5AC'),--StudentName 2
(newid(),'2007-11-23',							'9BC31A5F-0183-4556-A99B-09E439F74E4A', '1810BDDC-2D6D-4FF0-8DA4-7FDBA7B5E5AC'),--StudentBirthDate 2

(newid(),'Дмитрий Александрович Ноябрьский',	'4F66F2F9-83D8-46E8-BA58-893D8894E900','494FEC84-4034-4402-817C-A67F1C484528'),--ParentName 1
(newid(),'1971-02-27',							'E7072623-5FEC-4677-847D-E92CE1E9437E','494FEC84-4034-4402-817C-A67F1C484528'),--ParentBirthDate 1
(newid(),'Мария Олеговна Ноябрьская',			'4F66F2F9-83D8-46E8-BA58-893D8894E900','72D7E193-9781-4E42-8858-C1AE94456190'),--ParentName 2
(newid(),'1974-02-23',							'E7072623-5FEC-4677-847D-E92CE1E9437E','72D7E193-9781-4E42-8858-C1AE94456190'),--ParentBirthDate 2

(newid(),'Максим Анатольевич Коржевский',		'46DE59AD-DC9B-41E4-9112-8CE88B0E341C','B3FBA83F-C854-4486-B12F-C913307DBC72'),--TeacherName
(newid(),'1988-11-23',							'208E5478-C4A8-472E-B58A-8F53F387BD1A','B3FBA83F-C854-4486-B12F-C913307DBC72'),--TeacherBirthDate
(newid(),'Минский Государственный Университет',	'3D955681-ED0B-4404-989F-76D710A5FA50','B3FBA83F-C854-4486-B12F-C913307DBC72'),--TeacherEducationPlace
(newid(),'2009-10-10',							'B7141180-5F4D-49E9-A25F-DC0E6B4844D5','B3FBA83F-C854-4486-B12F-C913307DBC72')--TeacherCareerStartDate

insert into ChildParents (id,ChildId,ParentId)
values
(newid(),'64CD0FD2-4335-4094-A763-ED0CB40222C3', '494FEC84-4034-4402-817C-A67F1C484528'),
(newid(),'64CD0FD2-4335-4094-A763-ED0CB40222C3', '72D7E193-9781-4E42-8858-C1AE94456190'),
(newid(),'1810BDDC-2D6D-4FF0-8DA4-7FDBA7B5E5AC', '494FEC84-4034-4402-817C-A67F1C484528'),
(newid(),'1810BDDC-2D6D-4FF0-8DA4-7FDBA7B5E5AC', '72D7E193-9781-4E42-8858-C1AE94456190')